id;creation_date;community_name;community_description;image;image_content_type;is_active;appuser_id
1;2026-03-30T13:59:14;distant;aw of steel;../fake-data/blob/hipster.png;image/png;false;1
2;2026-03-31T07:27:06;obtrude oof er;a failing fibre;../fake-data/blob/hipster.png;image/png;true;2
3;2026-03-31T03:15:48;deadly;haze brr;../fake-data/blob/hipster.png;image/png;false;1
4;2026-03-30T21:34:13;chromakey;down classic stunning;../fake-data/blob/hipster.png;image/png;true;1
5;2026-03-30T09:29:30;upset given among;chunder;../fake-data/blob/hipster.png;image/png;false;2
6;2026-03-30T09:55:53;aside;elver gah pish;../fake-data/blob/hipster.png;image/png;false;2
7;2026-03-31T06:19:36;writhing pace;frightfully but;../fake-data/blob/hipster.png;image/png;true;2
8;2026-03-30T18:29:04;livid;hopelessly;../fake-data/blob/hipster.png;image/png;true;2
9;2026-03-31T04:11:06;lest damaged;bouncy;../fake-data/blob/hipster.png;image/png;true;2
10;2026-03-30T20:56:39;likewise peter;inside gadzooks;../fake-data/blob/hipster.png;image/png;true;1
11;2026-03-31T02:31:01;outside;pliers;../fake-data/blob/hipster.png;image/png;false;2
12;2026-03-30T18:15:12;quicker as aw;gratefully as whether;../fake-data/blob/hipster.png;image/png;true;2
13;2026-03-31T06:13:15;vast;excluding scrap yet;../fake-data/blob/hipster.png;image/png;false;2
14;2026-03-31T00:51:42;light;swerve besides;../fake-data/blob/hipster.png;image/png;true;2
15;2026-03-30T10:29:15;pace;hm;../fake-data/blob/hipster.png;image/png;true;2
16;2026-03-30T12:33:30;hence short-term thorough;rust swelter investigate;../fake-data/blob/hipster.png;image/png;false;2
17;2026-03-30T08:28:22;gestate;now;../fake-data/blob/hipster.png;image/png;false;2
18;2026-03-30T17:59:24;treasure off;vivacious;../fake-data/blob/hipster.png;image/png;true;1
19;2026-03-30T17:39:32;than above rue;rue;../fake-data/blob/hipster.png;image/png;true;2
20;2026-03-30T21:07:20;lest;daily overspend thankfully;../fake-data/blob/hipster.png;image/png;true;1
21;2026-03-31T02:51:10;apud abnormally;institute amongst ick;../fake-data/blob/hipster.png;image/png;false;2
22;2026-03-30T22:26:50;merge;vivacious soap;../fake-data/blob/hipster.png;image/png;false;1
23;2026-03-30T14:35:41;as;carefree sick;../fake-data/blob/hipster.png;image/png;false;1
24;2026-03-31T04:21:39;afterwards;unaccountably;../fake-data/blob/hipster.png;image/png;true;1
25;2026-03-30T23:33:51;outfit pfft gee;but circa warped;../fake-data/blob/hipster.png;image/png;false;1
26;2026-03-31T07:15:48;avaricious cash husky;aw warp grimy;../fake-data/blob/hipster.png;image/png;false;1
27;2026-03-31T04:37:31;fellow furthermore;admired smart deform;../fake-data/blob/hipster.png;image/png;true;2
28;2026-03-30T09:52:47;forager overcharge;overreact retrospectivity;../fake-data/blob/hipster.png;image/png;true;1
29;2026-03-31T05:00:25;unsightly irk;cash swordfish;../fake-data/blob/hipster.png;image/png;true;1
30;2026-03-30T16:15:52;intend loyalty thrifty;proceed though;../fake-data/blob/hipster.png;image/png;true;2
